{"depth": {"fx": 645.3975219726562, "fy": 645.3975219726562, "cx": 306.8243408203125, "cy": 234.095458984375}}